{
  "page": 1,
  "results": [
    {
      "adult": false,
      "backdrop_path": "/egoyMDLqCxzjnSrWOz50uLlJWmD.jpg",
      "genre_ids": [
        28,
        878,
        35,
        10751,
        12
      ],
      "id": 675353,
      "original_language": "en",
      "original_title": "Sonic the Hedgehog 2",
      "overview": "Después de establecerse en Green Hills, Sonic está ansioso por demostrar que tiene lo que se necesita para ser un verdadero héroe. Su prueba llega cuando el Dr. Robotnik regresa, esta vez con un nuevo compañero, Knuckles, en busca de una esmeralda que tiene el poder de destruir civilizaciones. Sonic se une a su propio compañero, Tails, y juntos se embarcan en un viaje por el mundo para encontrar la esmeralda antes de que caiga en las manos equivocadas.",
      "popularity": 12851.144,
      "poster_path": "/sJiHVM0A3OXDVxl4Z6a7ihMPHfm.jpg",
      "release_date": "2022-03-30",
      "title": "Sonic 2: La Pelicula",
      "video": false,
      "vote_average": 7.7,
      "stock": 1142
    },
    {
      "adult": false,
      "backdrop_path": "/AdyJH8kDm8xT8IKTlgpEC15ny4u.jpg",
      "genre_ids": [
        14,
        28,
        12
      ],
      "id": 453395,
      "original_language": "en",
      "original_title": "Doctor Strange in the Multiverse of Madness",
      "overview": "Doctor Strange, además de recibir ayuda de aliados místicos nuevos y otros ya conocidos, atraviesa las alucinantes y peligrosas realidades alternativas del Multiverso para enfrentarse a un nuevo y misterioso adversario.",
      "popularity": 5007.839,
      "poster_path": "/1w3MlLZPqr2Pm5loQ9h2gJwenMr.jpg",
      "release_date": "2022-05-04",
      "title": "Doctor Strange en el multiverso de la locura",
      "video": false,
      "vote_average": 7.5,
      "stock": 1139
    },
    {
      "adult": false,
      "backdrop_path": "/fEe5fe82qHzjO4yej0o79etqsWV.jpg",
      "genre_ids": [
        16,
        35,
        28,
        10751,
        80
      ],
      "id": 629542,
      "original_language": "en",
      "original_title": "The Bad Guys",
      "overview": "La película se centra en varios villanos reformados pero incomprendidos conocidos como Sr. Lobo, Sr. Piraña, Sr. Serpiente, Sr. Tiburón y Sra. Tarántula. El Sr. Lobo se cansa de una vida de crimen y convence a los demás de vivir sus vidas como fuerzas del bien.",
      "popularity": 4730.107,
      "poster_path": "/wFdwJh3fbhp5aiRbQelVz1mbbwP.jpg",
      "release_date": "2022-03-17",
      "title": "Los Tipos Malos",
      "video": false,
      "vote_average": 7.7,
      "stock": 305
    },
    {
      "adult": false,
      "backdrop_path": "/5P8SmMzSNYikXpxil6BYzJ16611.jpg",
      "genre_ids": [
        80,
        9648,
        53
      ],
      "id": 414906,
      "original_language": "en",
      "original_title": "The Batman",
      "overview": "Cuando un asesino se dirige a la élite de Gotham con una serie de maquinaciones sádicas, un rastro de pistas crípticas envía Batman a una investigación en los bajos fondos. A medida que las pruebas comienzan a acercarse a su casa y se hace evidente la magnitud de los planes del autor, Batman debe forjar nuevas relaciones, desenmascarar al culpable y hacer justicia al abuso de poder y la corrupción que durante mucho tiempo han asolado Gotham City.",
      "popularity": 4740.532,
      "poster_path": "/zFTLPipninMF4THDbdkQUZLWMEw.jpg",
      "release_date": "2022-03-01",
      "title": "Batman",
      "video": false,
      "vote_average": 7.8,
      "stock": 4401
    },
    {
      "adult": false,
      "backdrop_path": "/aEGiJJP91HsKVTEPy1HhmN0wRLm.jpg",
      "genre_ids": [
        28,
        12
      ],
      "id": 335787,
      "original_language": "en",
      "original_title": "Uncharted",
      "overview": "El astuto ladrón Nathan Drake (Tom Holland) es reclutado por el experimentado cazador de tesoros Victor “Sully” Sullivan (Mark Wahlberg) para recuperar una fortuna perdida por Ferdinand Magellan hace 500 años. Lo que comienza como un trabajo de atraco para el dúo se convierte en una carrera trotamundos y nudillos blancos para alcanzar el premio antes que el despiadado Moncada (Antonio Banderas), quien cree que él y su familia son los legítimos herederos. Si Nate y Sully pueden descifrar las pistas y resolver uno de los misterios más antiguos del mundo, pueden encontrar un tesoro de $5 mil millones y tal vez incluso al hermano perdido de Nate... pero solo si pueden aprender a trabajar juntos.",
      "popularity": 4449.169,
      "poster_path": "/6hlI9Ea1O4IeJ2cj7OiNinqg8Qd.jpg",
      "release_date": "2022-02-10",
      "title": "Uncharted: Fuera del mapa",
      "video": false,
      "vote_average": 7.2,
      "stock": 1796
    },
    {
      "adult": false,
      "backdrop_path": "/iQFcwSGbZXMkeyKrxbPnwnRo5fl.jpg",
      "genre_ids": [
        28,
        12,
        878
      ],
      "id": 634649,
      "original_language": "en",
      "original_title": "Spider-Man: No Way Home",
      "overview": "Peter Parker es desenmascarado y ya no puede separar su vida normal de los altos riesgos de ser un súper héroe. Cuando pide ayuda al Doctor Strange para recuperar su secreto, el hechizo crea un agujero en su mundo, liberando a los villanos más poderosos que han luchado con cualquier Spider-Man, en cualquier universo. Ahora Peter debe de superar su reto más grande, que no solo alterara su propio futuro pero el del multiverso, forzándolo a descubrir lo que realmente significa ser Spider-Man.",
      "popularity": 3933.964,
      "poster_path": "/osYbtvqjMUhEXgkuFJOsRYVpq6N.jpg",
      "release_date": "2021-12-15",
      "title": "Spider-Man: Sin camino a casa",
      "video": false,
      "vote_average": 8.1,
      "stock": 12602
    },
    {
      "adult": false,
      "backdrop_path": "/eQN31P4IEhyp6NkdccvppJnyuJ4.jpg",
      "genre_ids": [
        28,
        12,
        14,
        878
      ],
      "id": 284052,
      "original_language": "en",
      "original_title": "Doctor Strange",
      "overview": "La historia del famoso neurocirujano Dr. Stephen Strange cuya vida cambia para siempre luego de un accidente automovilístico que lo deja sin poder mover sus manos. Cuando la medicina tradicional falla, se ve obligado a buscar una cura y esperanzas en un lugar impensado: una comunidad aislada y misteriosa llamada Kamar-Taj. Rápidamente descubre que éste no es sólo un centro de recuperación, sino también la primera línea de una batalla en contra de fuerzas oscuras y ocultas empeñadas en destruir nuestra realidad. En poco tiempo, Strange, armado con sus poderes mágicos recientemente adquiridos, se ve obligado a elegir entre volver a su antigua vida de riqueza y estatus, o dejarlo todo para defender el mundo como el hechicero más poderoso del planeta.",
      "popularity": 2807.025,
      "poster_path": "/sOsvKTJS0XwtfLsNMO3C0CVWJ4u.jpg",
      "release_date": "2016-10-25",
      "title": "Doctor Strange: Hechicero supremo",
      "video": false,
      "vote_average": 7.4,
      "stock": 18894
    },
    {
      "adult": false,
      "backdrop_path": "/192vHmAPbk5esL34XMKZ1YLGFjr.jpg",
      "genre_ids": [
        28,
        53,
        80
      ],
      "id": 763285,
      "original_language": "en",
      "original_title": "Ambulance",
      "overview": "El veterano Will Sharp, en un acto desesperado por conseguir dinero para cubrir las deudas médicas de su esposa, recurre a la única persona que sabe que no debería, su hermano adoptivo Danny. Danny le ofrece participar en un robo a un banco, el más grande en la historia de la ciudad. Will no puede decir que no. Cuando su intento de escape sale mal, los hermanos secuestran una ambulancia con un policía herido y una paramédica. Ahora deberán huir de un inmenso dispositivo de fuerzas de seguridad desplegado por toda la ciudad, mantener a sus rehenes con vida y de alguna forma tratar de no matarse entre ellos.",
      "popularity": 2670.696,
      "poster_path": "/hUbgg3mMSbY9PlpTxBo4IFUVSd6.jpg",
      "release_date": "2022-03-16",
      "title": "Ambulance: Plan de huida",
      "video": false,
      "vote_average": 7,
      "stock": 515
    },
    {
      "adult": false,
      "backdrop_path": "/fOy2Jurz9k6RnJnMUMRDAgBwru2.jpg",
      "genre_ids": [
        16,
        10751,
        35,
        14
      ],
      "id": 508947,
      "original_language": "en",
      "original_title": "Turning Red",
      "overview": "Mei Lee es una niña china-canadiense de trece años que se debate entre ser la hija obediente de su madre y el caos de la adolescencia. Y, por si los cambios en sus intereses, relaciones y cuerpo no fueran suficientes, cada vez que se emociona o estresa demasiado, se convierte en un panda rojo gigante.",
      "popularity": 2493.062,
      "poster_path": "/hUupIkIKPpNLYniPGRxRpEQFrX3.jpg",
      "release_date": "2022-03-10",
      "title": "Red",
      "video": false,
      "vote_average": 7.4,
      "stock": 2058
    },
    {
      "adult": false,
      "backdrop_path": "/x747ZvF0CcYYTTpPRCoUrxA2cYy.jpg",
      "genre_ids": [
        878,
        12,
        28
      ],
      "id": 406759,
      "original_language": "en",
      "original_title": "Moonfall",
      "overview": "Una fuerza misteriosa golpea a la Luna fuera de su órbita y la envía en choque directo contra la Tierra a toda velocidad. Unas semanas antes del impacto con el mundo al borde de la aniquilación, la ejecutiva de la NASA y ex astronauta Jo Fowler (Halle Berry) está convencida de tener la clave para salvar nuestro planeta. Pero solo el astronauta Brian Harper (Patrick Wilson) y el teórico conspiranoico KC Houseman (John Bradley) la creen. Estos héroes inverosímiles montarán una misión imposible al espacio, dejando atrás a todos sus seres queridos, para aterrizar en la superficie lunar e intentar salvar a la humanidad, enfrentándose a un misterio de proporciones cósmicas.",
      "popularity": 2231.435,
      "poster_path": "/9oF7M0gVeeOzR109cXkHWs2Ipgt.jpg",
      "release_date": "2022-02-03",
      "title": "Moonfall: Impacto lunar",
      "video": false,
      "vote_average": 6.5,
      "stock": 935
    },
    {
      "adult": false,
      "backdrop_path": "/t9hNIUFcy0tYu55IPxjxRTTdZ6X.jpg",
      "genre_ids": [
        10749,
        18
      ],
      "id": 829557,
      "original_language": "pl",
      "original_title": "365 Days: This Day",
      "overview": "Secuela de '365 días' (2020). Vuelven Laura y Massimo más apasionados que nunca. Pero la nueva vida de la pareja se complica por culpa de los lazos familiares de Massimo y de un hombre misterioso dispuesto a ganarse el corazón y la confianza de Laura, cueste lo que cueste.",
      "popularity": 1823.374,
      "poster_path": "/k3J2GdYxhR6U2RfsHZOsmHVKW7m.jpg",
      "release_date": "2022-04-27",
      "title": "365 días: Aquel día",
      "video": false,
      "vote_average": 5.7,
      "stock": 346
    },
    {
      "adult": false,
      "backdrop_path": "/2n95p9isIi1LYTscTcGytlI4zYd.jpg",
      "genre_ids": [
        18,
        53,
        80
      ],
      "id": 799876,
      "original_language": "en",
      "original_title": "The Outfit",
      "overview": "Leonard (Rylance), es un sastre inglés que confeccionaba trajes en la mundialmente famosa Savile Row de Londres. Después de una tragedia personal termina en Chicago, trabajando en una pequeña sastrería en una zona difícil de la ciudad donde hace ropa elegante para las únicas personas a su alrededor que pueden pagarla: una familia de gángsters. Esta familia de mafiosos intentará aprovecharse de la naturaleza gentil y complaciente de Leonard, que junto a su asistenta Mable (Zoey Deutch) se verá implicado con la mafia de una manera cada vez más grave.",
      "popularity": 1754.178,
      "poster_path": "/uoMyXY1ReK5I1kkMMQfqod7YhXh.jpg",
      "release_date": "2022-02-25",
      "title": "El Sastre de la Mafia",
      "video": false,
      "vote_average": 7,
      "stock": 186
    },
    {
      "adult": false,
      "backdrop_path": "/i0zbSmiyyylh7H3Qb4jgscz46Pm.jpg",
      "genre_ids": [
        27
      ],
      "id": 893370,
      "original_language": "es",
      "original_title": "Virus-32",
      "overview": "Se desata un virus y una escalofriante masacre recorre las calles de Montevideo. Los enfermos se convierten en cazadores y solo calman su fiebre matando sin escrúpulos a todos los que aún no están infectados. Sin darse cuenta de esto, Iris y su hija pasan el día en el club deportivo donde Iris trabaja como guardia de seguridad. Cuando llega la noche, está por comenzar una pelea sin piedad. Su única esperanza de salvación llega cuando descubren que después de cada ataque los infectados parecen tener 32 segundos de paz antes de volver a cargar.",
      "popularity": 1961.188,
      "poster_path": "/3CvBuw9aoziJJAbqymmsF2drnzH.jpg",
      "release_date": "2022-04-21",
      "title": "Virus-32",
      "video": false,
      "vote_average": 6.7,
      "stock": 36
    },
    {
      "adult": false,
      "backdrop_path": "/xzLOQjF1w4og963lxsGJwMhPbZ.jpg",
      "genre_ids": [
        28,
        80,
        18
      ],
      "id": 951470,
      "original_language": "en",
      "original_title": "Silverton Siege",
      "overview": "Tras una misión de sabotaje fallida, un trío de rebeldes contra el apartheid se ve envuelto en una tensa situación con rehenes en un banco.",
      "popularity": 1226.236,
      "poster_path": "/lNfiU8VrSXyp2hhZNlJyk4dm04R.jpg",
      "release_date": "2022-04-27",
      "title": "Silverton Siege",
      "video": false,
      "vote_average": 6.3,
      "stock": 46
    },
    {
      "adult": false,
      "backdrop_path": "/kLnqNE9Af5QHyvUxw8cDGhF1ilv.jpg",
      "genre_ids": [
        53
      ],
      "id": 956101,
      "original_language": "la",
      "original_title": "La Octava Cláusula",
      "overview": "Kat y Borja aparentan ser una pareja perfecta, pero como en todo matrimonio guardan secretos, mentiras e infidelidades que saldrán a la luz la noche que llega una visita inesperada.",
      "popularity": 1863.932,
      "poster_path": "/8tc8eMFAX2SDC1TRu987qFQy8Cl.jpg",
      "release_date": "2022-04-29",
      "title": "La Octava Clausula",
      "video": false,
      "vote_average": 4.1,
      "stock": 7
    },
    {
      "adult": false,
      "backdrop_path": "/figlwUsXXFehX3IebdjqNLV6vWk.jpg",
      "genre_ids": [
        28,
        53
      ],
      "id": 628900,
      "original_language": "en",
      "original_title": "The Contractor",
      "overview": "Tras ser involuntariamente dado de baja de los marines, James Reed (Pine) ingresa en una organización paramilitar para apoyar a su familia de la única manera que sabe.",
      "popularity": 1285.035,
      "poster_path": "/uboar85WH92Q5Ct2Y0B2YEdYRNF.jpg",
      "release_date": "2022-03-10",
      "title": "Soldado de Élite (The Contractor)",
      "video": false,
      "vote_average": 6.4,
      "stock": 205
    },
    {
      "adult": false,
      "backdrop_path": "/3G1Q5xF40HkUBJXxt2DQgQzKTp5.jpg",
      "genre_ids": [
        16,
        35,
        10751,
        14
      ],
      "id": 568124,
      "original_language": "en",
      "original_title": "Encanto",
      "overview": "Encanto relata la historia de una familia extraordinaria; los Madrigal, quienes viven escondidos en las montañas de Colombia, en una casa mágica, un pueblo vibrante y en un lugar maravilloso llamado Encanto. La magia del Encanto ha bendecido a cada niño de la familia con un don único, desde la superfuerza hasta el poder de sanar; a todos, excepto Mirabel, quien desea ser tan especial como el resto de su familia.  Pero cuando la magia que rodea al Encanto está en peligro, Mirabel decide que ella, la única Madrigal sin ningún tipo de don único, puede ser la única esperanza de su excepcional familia.",
      "popularity": 1174.064,
      "poster_path": "/d0ezQ1Jz0lpNsX1skEmIvqRL7mN.jpg",
      "release_date": "2021-11-24",
      "title": "Encanto",
      "video": false,
      "vote_average": 7.7,
      "stock": 6357
    },
    {
      "adult": false,
      "backdrop_path": "/j8ve0iuDEnrcSpUxL62uvI4wnwB.jpg",
      "genre_ids": [
        35,
        10751,
        10749
      ],
      "id": 937337,
      "original_language": "es",
      "original_title": "¡Qué despadre!",
      "overview": "Es la historia de Pedro (Mauricio Ochmann), un soltero cuarentón que le gusta la fiesta no tiene hijos y vive de noche. Todo cambia cuando conoce a Aline (Fionna Palomo). Ella le menciona que está buscando a su papá y que hay una alta probabilidad de que sea él. Esto cambiará la vida a Pedro quien tendrá que asumir su edad y nuevas responsabilidades.",
      "popularity": 1065.468,
      "poster_path": "/IkdBm3dDA11pNFlbkLcU5WdESn.jpg",
      "release_date": "2022-02-09",
      "title": "¡Qué despadre!",
      "video": false,
      "vote_average": 8,
      "stock": 26
    },
    {
      "adult": false,
      "backdrop_path": "/xicKILMzPn6XZYCOpWwaxlUzg6S.jpg",
      "genre_ids": [
        53,
        28
      ],
      "id": 294793,
      "original_language": "en",
      "original_title": "All the Old Knives",
      "overview": "Dos agentes de la CIA y ex amantes (Chris Pine y Thandiwe Newton) vuelven a estar juntos años después de un intento fallido de rescate y se ven obligados a descifrar las líneas entre profesión y pasión en esta historia profundamente fascinante de espionaje global, dilema moral y traición mortal.",
      "popularity": 1062.699,
      "poster_path": "/svoUDTNzUtozyQXyrQ3UDSGRjU6.jpg",
      "release_date": "2022-04-08",
      "title": "Una cita con el pasado",
      "video": false,
      "vote_average": 6,
      "stock": 206
    },
    {
      "adult": false,
      "backdrop_path": "/tq3klWQevRK0Or0cGhsw0h3FDWQ.jpg",
      "genre_ids": [
        12,
        16,
        35,
        10751,
        14
      ],
      "id": 676705,
      "original_language": "fr",
      "original_title": "Pil",
      "overview": "Pil es una pequeña huérfana que vive en la calle, en la ciudad medieval de Roc-en-Brume. Junto a sus tres comadrejas amaestradas, Pil sobrevive robando comida en el castillo del siniestro rey Tristain, que ha usurpado el trono.",
      "popularity": 982.846,
      "poster_path": "/xIMqbFYkZx0pfgOLMXDdgsY6dA4.jpg",
      "release_date": "2021-08-11",
      "title": "Pil: Princesa cero fresa",
      "video": false,
      "vote_average": 6.9,
      "stock": 78
    }
  ],
  "total_pages": 33502,
  "total_results": 670037
}